location-name,location-address-street,location-address-locality,location-address-region,locality-address-code,location-contact-phone-main,location-contact-url-main,location-google-maps-link,,,
St. Agnes Hospital,430 E. Division St., Fond du Lac,WI,54935,920-929-2300,https://www.ssmhealth.com/locations/st-agnes-hospital,"https://www.google.com/maps/place/St.+Agnes+Hospital/@43.777782,-88.4332274,17z/data=!3m1!4b1!4m5!3m4!1s0x88047586292c4f5f:0x1461644e43c96459!8m2!3d43.777782!4d-88.4310387",,,
Waupun Memorial Hospital,620 W. Brown St., Waupun,WI,53963,920-324-5581,https://www.ssmhealth.com/locations/waupun-memorial-hospital,https://goo.gl/maps/GLxcW7ybvkdyAn2QA,,,
Ripon Medical Center,845 Parkside St., Ripon,WI,54971,920-748-3101,https://www.ssmhealth.com/locations/ripon-medical-center,https://goo.gl/maps/9r2Erd23rrQ2,,,
SSM Health Good Samaritan Hospital - Mt. Vernon,1 Good Samaritan Way, Mount Vernon,IL,62864,618-242-4600,https://www.ssmhealth.com/locations/good-samaritan-hospital-mt-vernon,https://goo.gl/maps/9JBQG6cfmzD2,,,
SSM Health St. Mary's Hospital - Janesville,3400 E. Racine St., Janesville,WI,53546,608-373-8000,https://www.ssmhealth.com/locations/st-marys-hospital-janesville,"https://www.google.com/maps/place/SSM+Health+St.+Mary's+Hospital+-+Janesville/@42.665456,-88.987088,12z/data=!4m5!3m4!1s0x0:0x39cbd91f93f50433!8m2!3d42.66899!4d-88.977389?ll=42.665456,-88.987088&z=12&t=m&hl=en-US&gl=US&mapclient=embed&cid=4164661010083677235",,,
SSM Health St. Mary's Hospital - Centralia,400 N. Pleasant Ave., Centralia,IL,62801,618-436-8000,https://www.ssmhealth.com/locations/st-marys-hospital-centralia,"https://www.google.com/maps/place/SSM+Health+St.+Mary's+Hospital+-+Centralia/@38.5300284,-89.1194629,17z/data=!3m1!4b1!4m5!3m4!1s0x0:0x2ec4fe4d99e4c6ff!8m2!3d38.5300284!4d-89.1172742?hl=en",,,
SSM Health St. Mary's Hospital - Madison,700 S. Park St., Madison,WI,53715,608-251-6100,https://www.ssmhealth.com/locations/st-marys-hospital-madison,https://goo.gl/maps/p8LiW9mUNj82,,,
SSM Health St. Clare Hospital - Baraboo,707 14th St., Baraboo,WI,53913,608-356-1400,https://www.ssmhealth.com/locations/st-clare-hospital-baraboo,https://goo.gl/maps/iPVYL68AE9n,,,
SSM Health Cardinal Glennon Children's Hospital,1465 S. Grand Blvd., St. Louis,MO,63104,314-577-5600,https://www.ssmhealth.com/locations/cardinal-glennon-childrens-hospital,https://goo.gl/maps/PJBw6XJvNfK2,,,
SSM Health Saint Louis University Hospital,3635 Vista Ave., St. Louis,MO,63110,314-577-8000,https://www.ssmhealth.com/locations/saint-louis-university-hospital,"https://www.google.com/maps/place/SSM+Health+Saint+Louis+University+Hospital/@38.6229966,-90.2410939,17z/data=!3m1!4b1!4m5!3m4!1s0x0:0xc12bb790d3c4d5b5!8m2!3d38.6229966!4d-90.2389052?cid=13919420905974715829&_ga=2.146033844.1004998692.1536178716-1078436399.1535384847",,,
SSM Health St. Mary's Hospital - St. Louis,6420 Clayton Road, St. Louis,MO,63117,314-768-8000,https://www.ssmhealth.com/locations/st-marys-hospital-st-louis,https://goo.gl/maps/kmtcHSVWYm62,,,
SSM Health DePaul Hospital - St. Louis,12303 DePaul Drive, Bridgeton,MO,63044,314-344-6000,https://www.ssmhealth.com/locations/depaul-hospital-st-louis,https://goo.gl/maps/C6e8y9D3Mcm,,,
SSM Health St. Clare Hospital - Fenton,1015 Bowles Ave., Fenton,MO,63026,636-496-2000,https://www.ssmhealth.com/locations/st-clare-hospital-fenton,https://goo.gl/maps/t27fF1WU6MT2,,,
SSM Health St. Joseph Hospital - St. Charles,300 First Capitol Drive, St. Charles,MO,63301,636-947-5000,https://www.ssmhealth.com/locations/st-joseph-hospital-st-charles,https://goo.gl/maps/bAqBvXgJcuB2,,,
SSM Health St. Joseph Hospital - Lake Saint Louis,100 Medical Plaza, Lake Saint Louis,MO,63367,636-625-5200,https://www.ssmhealth.com/locations/st-joseph-hospital-lake-saint-louis,https://goo.gl/maps/cH3R4GeGxCE2,,,
SSM Health St. Joseph Hospital - Wentzville,500 Medical Drive, Wentzville,MO,63385,636-327-1000,https://www.ssmhealth.com/locations/st-joseph-hospital-wentzville,https://goo.gl/maps/UyH593iELeE2,,,
SSM Health St. Mary's Hospital - Audrain,620 E. Monroe St., Mexico,MO,65265,573-582-5000,https://www.ssmhealth.com/locations/st-marys-hospital-audrain,https://goo.gl/maps/8y8ZZ3Q1mHw,,,
SSM Health St. Mary's Hospital - Jefferson City,2505 Mission Drive, Jefferson City,MO,65109,573-681-3000,https://www.ssmhealth.com/locations/st-marys-hospital-jefferson-city,https://goo.gl/maps/d3zfsu3LHJN2,,,
SSM Health St. Anthony Hospital - Shawnee,1102 W. MacArthur St., Shawnee,OK,74804,405-273-2270,https://www.ssmhealth.com/locations/st-anthony-shawnee-hospital,"https://www.google.com/maps/place/St.+Anthony+Shawnee+Hospital/@35.362862,-96.9396792,17z/data=!3m1!4b1!4m5!3m4!1s0x0:0xc85ca95c9e722424!8m2!3d35.362862!4d-96.9374905?cid=14437600720703333412&_ga=2.26425341.1115824915.1498573092-1805849567.1497559711",,,
SSM Health Bone & Joint Hospital at St. Anthony,1111 N. Dewey Ave., Oklahoma City,OK,73103,405-272-9671,https://www.ssmhealth.com/locations/bone-and-joint-hospital-st-anthony,"https://www.google.com/maps/place/Bone+%26+Joint+Hospital+at+St.+Anthony/@35.4790445,-97.5254904,17z/data=!3m1!4b1!4m5!3m4!1s0x0:0x475964ac77b4d47d!8m2!3d35.4790445!4d-97.5233017?cid=5141251141525623933&_ga=2.26425341.1115824915.1498573092-1805849567.1497559711",,,
SSM Health St. Anthony Hospital - Oklahoma City,1000 N. Lee Ave., Oklahoma City,OK,73102,405-272-7000,https://www.ssmhealth.com/locations/st-anthony-hospital,"https://www.google.com/maps/place/St.+Anthony+Hospital/@35.477999,-97.5256921,17z/data=!3m1!4b1!4m5!3m4!1s0x0:0x90496a94390f5a98!8m2!3d35.477999!4d-97.5235034?cid=10396958399606512280&_ga=2.132193230.1115824915.1498573092-1805849567.1497559711",,,
SSM Health St. Anthony South,2129 S.W. 59th St., Oklahoma City,OK,73119,405-685-6671,https://www.ssmhealth.com/locations/st-anthony-south,"https://www.google.com/maps/place/St.+Anthony+South/@35.4069918,-97.5515417,17z/data=!3m1!4b1!4m5!3m4!1s0x0:0x4f25b43a78c419e8!8m2!3d35.4069918!4d-97.549353?cid=5703162666361821672&_ga=2.36781352.903457407.1500301910-1805849567.1497559711",,,
,,,,,,,,,,
,,,,,,,,,,
,,,,,,,,,,
,,,,,,,,,,
,,,,,,,,,,
,,,,,,,,,,
,,,,,,,,,,
,,,,,,,,,,
,,,,,,,,,,
,,,,,,,,,q,0p[